<?xml version="1.0"?>
<customization>
    <!-- css -->
    <styles>
        <selector label="Seite" name="body" type="element">
            <properties>
                <property label="Schrift Familie" mixed="{Trebuchet MS=Trebuchet MS|Verdana=Verdana|sans-serif=Sans-Serif|Times=Times|Arial=Arial}" name="font-family" type="mixed" value="Verdana"/>
                <property label="Schriftgr&#xF6;&#xDF;e" name="font-size" type="length" value="70%"/>
                <property label="Schriftfarbe" name="color" type="color" value="#000"/>
                <property label="Hintergrundfarbe" name="background-color" type="color" value="#fffbef"/>
            </properties>
        </selector>
        <selector label="Rahmen" name="#mailFormFrame" type="id">
            <properties>
                <property label="Schrift Familie" mixed="{Trebuchet MS=Trebuchet MS|Verdana=Verdana|sans-serif=Sans-Serif|Times=Times|Arial=Arial}" name="font-family" type="mixed" value="Verdana"/>
                <property label="Schriftdicke" mixed="{normal|bold=fett|bolder=fetter|lighter=schmaler|*}" name="font-weight" type="mixed" value="normal"/>
                <property label="Gesamtbreite" id="layoutWidth" name="width" type="pixel" value="600px"/>
            </properties>
        </selector>
        <selector label="Rahmen anzeigen" name="#mailForm fieldset" type="id">
            <properties>
                <property label="Sichtbar" mixed="{none=nein|solid=ja}" name="border-style" type="mixed" value="solid"/>
            </properties>
        </selector>
        <selector label="Formular Elemente: Allgemein" name="#mailForm input, #mailForm select, #mailForm textarea" type="id">
            <properties>
                <property label="Schrift Familie" mixed="{Trebuchet MS=Trebuchet MS|Verdana=Verdana|sans-serif=Sans-Serif|Times=Times|Arial=Arial}" name="font-family" type="mixed" value="Verdana"/>
                <property label="Schriftgr&#xF6;&#xDF;e" name="font-size" type="length" value="90%"/>
                <property label="Schriftdicke" mixed="{normal|bold=fett|bolder=fetter|lighter=schmaler|*}" name="font-weight" type="mixed" value="normal"/>
            </properties>
        </selector>
        <selector label="Formular Elemente: Beschriftung" name="#mailForm .label" type="id">
            <properties>
                <property label="Ausrichtung" mixed="{left=links|right=rechts}" name="float" type="mixed" value="left"/>
                <property label="Polsterung" name="padding" type="length" value="2px"/>
                <property label="Breite" name="width" type="length" value="330px"/>
            </properties>
        </selector>
        <selector label="Formular Elemente: Wertefeld" name="#mailForm .field" type="id">
            <properties>
                <property label="Ausrichtung" mixed="{left=links|right=rechts}" name="float" type="mixed" value="left"/>
                <property label="Polsterung" name="padding" type="length" value="2px"/>
                <property label="Breite" name="width" type="length" value="330px"/>
            </properties>
        </selector>
        <selector label="Formular Elemente: Schaltfl&#xE4;che" name="#mailForm .button" type="id">
            <properties>
                <property label="Ausrichtung" mixed="{left=links|right=rechts}" name="float" type="mixed" value="right"/>
                <property label="Polsterung" name="padding" type="length" value="2px"/>
            </properties>
        </selector>
    </styles>
</customization>
