<?xml version="1.0"?>
<mailForm to="Empf&#xE4;nger" subject="Betreff">
    <title>Kontaktformular</title>
    <responseMail customHeader="true">
    	<header MIME-Version="1.0" charset="utf-8" Content-type="text/plain" Content-Transfer-Encoding="quoted-printable"/>
    </responseMail>
    <succeedMail>Kontakt E-Mail wurde versandt!</succeedMail>
    <abortiveMail>Fehlerhafte Mail. Bitte kontaktieren Sie den Webmaster f&#xFC;r weitere Informationen.</abortiveMail>
    <fields>
	    <field name="firstname" type="text" size="32" length="64" mandatory="no">Vorname:</field><field name="lastname" type="text" size="32" length="64" mandatory="no">Nachname:</field>
	    <field name="sender" type="email" size="32" length="64" mandatory="no">Absender E-Mail Adresse:</field>
	    <field name="message" type="textarea" size="50" length="256" mandatory="no">Nachricht:</field>
	    <field name="homepage" type="url" size="32" length="64" mandatory="no">Homepage:</field>
	    <field name="reference" type="select" options="{1=Werbung|2=Webautritt}" size="" length="" mandatory="no">Wie wurden sie auf uns aufmerksam?</field>
	    <field name="contactOptions" type="checkbox" options="{1=telefonisch|2=per E-Mail|3=per Post}" size="" length="" mandatory="no">Bitte nehmen Sie auf folgendem Weg Kontakt zu uns auf:</field>
	</fields>
</mailForm>
